{"same_row": {"AP": -1.0, "AP50": 0.23067466914653778, "AR": 0.539507269859314}, "same_col": {"AP": -1.0, "AP50": 0.3485821485519409, "AR": 0.391921728849411}, "same_header": {"AP": -1.0, "AP50": 0.8799862861633301, "AR": 0.9478756785392761}, "same_cell": {"AP": -1.0, "AP50": 0.5087605714797974, "AR": 0.7469652891159058}, "extract_cell": {"AP": -1.0, "AP50": 0.7184582948684692, "AR": 0.9851533770561218}}